[
  {
    "id": "0f793d3b-2d4b-4310-906e-93b9ec4a7f85",
    "data": [
      {
        "text": "Quantas pessoas do sexo feminino estão infetadas",
        "userDefined": false
      }
    ],
    "isTemplate": false,
    "count": 0,
    "updated": 0
  },
  {
    "id": "9a710dbc-d717-4a83-b382-cfd63ea2ce50",
    "data": [
      {
        "text": "Quantas pessoas do sexo masculino estão infetadas",
        "userDefined": false
      }
    ],
    "isTemplate": false,
    "count": 0,
    "updated": 0
  },
  {
    "id": "e174935d-fcb9-41a5-92e0-626d38099acc",
    "data": [
      {
        "text": "Casos sexo masculino",
        "userDefined": false
      }
    ],
    "isTemplate": false,
    "count": 0,
    "updated": 0
  },
  {
    "id": "a753cd1e-2240-40c5-bff8-b58c7495bd3f",
    "data": [
      {
        "text": "Casos sexo feminino",
        "userDefined": false
      }
    ],
    "isTemplate": false,
    "count": 0,
    "updated": 0
  },
  {
    "id": "3cf8c311-c091-451b-ae4f-10c64f51eae2",
    "data": [
      {
        "text": "Quantos casos por sexo existem",
        "userDefined": false
      }
    ],
    "isTemplate": false,
    "count": 0,
    "updated": 0
  },
  {
    "id": "f7030436-20f4-4de1-af91-2ae6b38e675a",
    "data": [
      {
        "text": "Casos por sexo",
        "userDefined": false
      }
    ],
    "isTemplate": false,
    "count": 0,
    "updated": 0
  }
]