[
  {
    "id": "7d8bd4bd-ff0b-4d28-8f4a-457b45353878",
    "data": [
      {
        "text": "quantos casos existem ",
        "userDefined": false
      },
      {
        "text": "onde estou",
        "alias": "mylocation",
        "meta": "@myLocation",
        "userDefined": true
      }
    ],
    "isTemplate": false,
    "count": 0,
    "updated": 0
  },
  {
    "id": "0dc377ea-e6e1-4147-be29-5f82ed0e2c53",
    "data": [
      {
        "text": "quantos casos existem ",
        "userDefined": false
      },
      {
        "text": "perto de mim",
        "alias": "mylocation",
        "meta": "@myLocation",
        "userDefined": false
      }
    ],
    "isTemplate": false,
    "count": 0,
    "updated": 0
  },
  {
    "id": "d8173727-885d-45d7-835f-ab6d8fdb76ed",
    "data": [
      {
        "text": "casos  ",
        "userDefined": false
      },
      {
        "text": "na minha localização",
        "alias": "mylocation",
        "meta": "@myLocation",
        "userDefined": false
      }
    ],
    "isTemplate": false,
    "count": 0,
    "updated": 0
  }
]