[
  {
    "id": "f37e05d9-6005-4780-9181-98dbce7b7761",
    "data": [
      {
        "text": "Leiria",
        "alias": "local",
        "meta": "@sys.geo-city",
        "userDefined": false
      }
    ],
    "isTemplate": false,
    "count": 0,
    "updated": 0
  },
  {
    "id": "4ea85f77-4f4c-48d3-a49a-47e0edcbbf6d",
    "data": [
      {
        "text": "city",
        "alias": "local",
        "meta": "@sys.geo-city",
        "userDefined": false
      }
    ],
    "isTemplate": false,
    "count": 0,
    "updated": 0
  }
]