[
  {
    "id": "7e1d41ea-c2ef-4bd8-a5fc-abec320092f6",
    "data": [
      {
        "text": "How many cases exist where i am",
        "userDefined": false
      }
    ],
    "isTemplate": false,
    "count": 0,
    "updated": 0
  },
  {
    "id": "b55dcd52-b184-4b1e-a95b-49aadc642192",
    "data": [
      {
        "text": "Cases in ",
        "userDefined": false
      },
      {
        "text": "my region",
        "alias": "mylocation",
        "meta": "@myLocation",
        "userDefined": true
      }
    ],
    "isTemplate": false,
    "count": 0,
    "updated": 0
  },
  {
    "id": "65dea3e1-3bd8-4b8e-a831-bf92c6709323",
    "data": [
      {
        "text": "Cases in ",
        "userDefined": false
      },
      {
        "text": "my locality",
        "alias": "mylocation",
        "meta": "@myLocation",
        "userDefined": true
      }
    ],
    "isTemplate": false,
    "count": 0,
    "updated": 0
  },
  {
    "id": "e5ee703c-0ac7-43db-8045-c60d59fc3734",
    "data": [
      {
        "text": "Cases in ",
        "userDefined": false
      },
      {
        "text": "my city",
        "alias": "mylocation",
        "meta": "@myLocation",
        "userDefined": true
      }
    ],
    "isTemplate": false,
    "count": 0,
    "updated": 0
  },
  {
    "id": "bddf32dd-8ec3-4e48-916f-34dc40912584",
    "data": [
      {
        "text": "Cases ",
        "userDefined": false
      },
      {
        "text": "near me",
        "alias": "mylocation",
        "meta": "@myLocation",
        "userDefined": true
      }
    ],
    "isTemplate": false,
    "count": 0,
    "updated": 0
  },
  {
    "id": "647958ed-1c22-465c-b064-44e9078a8b52",
    "data": [
      {
        "text": "Cases ",
        "userDefined": false
      },
      {
        "text": "around me",
        "alias": "mylocation",
        "meta": "@myLocation",
        "userDefined": true
      }
    ],
    "isTemplate": false,
    "count": 0,
    "updated": 0
  },
  {
    "id": "d2f44583-6993-4eef-8b03-764602741a06",
    "data": [
      {
        "text": "How many cases are ",
        "userDefined": false
      },
      {
        "text": "in my current location",
        "alias": "mylocation",
        "meta": "@myLocation",
        "userDefined": true
      }
    ],
    "isTemplate": false,
    "count": 0,
    "updated": 0
  },
  {
    "id": "be5b133d-8ee9-4b50-a705-c0dfd76b0ba0",
    "data": [
      {
        "text": "Cases in ",
        "userDefined": false
      },
      {
        "text": "my location",
        "alias": "mylocation",
        "meta": "@myLocation",
        "userDefined": true
      }
    ],
    "isTemplate": false,
    "count": 0,
    "updated": 0
  }
]