[
  {
    "id": "0ea3bac6-c9cf-4b0a-a8cf-db6936c6441a",
    "data": [
      {
        "text": "How many female cases exist",
        "userDefined": false
      }
    ],
    "isTemplate": false,
    "count": 0,
    "updated": 0
  },
  {
    "id": "4c925950-bb73-4d09-8a59-08b5d4b76307",
    "data": [
      {
        "text": "How many cases female",
        "userDefined": false
      }
    ],
    "isTemplate": false,
    "count": 0,
    "updated": 0
  },
  {
    "id": "a286804b-a67c-4a8e-9617-86370b6cc550",
    "data": [
      {
        "text": "How many infected female exist",
        "userDefined": false
      }
    ],
    "isTemplate": false,
    "count": 0,
    "updated": 0
  },
  {
    "id": "c34c43ac-5261-4218-bb57-60f58284b064",
    "data": [
      {
        "text": "How many infected male exist",
        "userDefined": false
      }
    ],
    "isTemplate": false,
    "count": 0,
    "updated": 0
  },
  {
    "id": "34e2a8f6-0442-429f-a734-72d45d3854df",
    "data": [
      {
        "text": "Cases female",
        "userDefined": false
      }
    ],
    "isTemplate": false,
    "count": 0,
    "updated": 0
  },
  {
    "id": "d62bac50-8442-4adc-b149-96a9cdd38bca",
    "data": [
      {
        "text": "How many cases by sex exist",
        "userDefined": false
      }
    ],
    "isTemplate": false,
    "count": 0,
    "updated": 0
  },
  {
    "id": "667a4ad3-38f5-476b-bcdb-79135ff6e223",
    "data": [
      {
        "text": "How many male cases exist",
        "userDefined": false
      }
    ],
    "isTemplate": false,
    "count": 0,
    "updated": 0
  },
  {
    "id": "ae653979-255a-42ba-b0f0-b183c9b3fc5a",
    "data": [
      {
        "text": "Cases by sex",
        "userDefined": false
      }
    ],
    "isTemplate": false,
    "count": 0,
    "updated": 0
  }
]