[
  {
    "id": "ee34627b-9753-4380-9b45-4c13ffb55cd2",
    "data": [
      {
        "text": "nothing more",
        "userDefined": false
      }
    ],
    "isTemplate": false,
    "count": 0,
    "updated": 0
  },
  {
    "id": "4276a81c-372d-4989-b9ef-fc1ada880254",
    "data": [
      {
        "text": "nothing",
        "userDefined": false
      }
    ],
    "isTemplate": false,
    "count": 0,
    "updated": 0
  },
  {
    "id": "7dd8d3db-b1e5-423f-8ba5-6b59e433deac",
    "data": [
      {
        "text": "goodbye",
        "userDefined": false
      }
    ],
    "isTemplate": false,
    "count": 0,
    "updated": 0
  },
  {
    "id": "937795d5-0a6e-4a5d-9f8e-3a4b52311bc3",
    "data": [
      {
        "text": "close",
        "userDefined": false
      }
    ],
    "isTemplate": false,
    "count": 0,
    "updated": 0
  },
  {
    "id": "0684785d-7e54-43fb-a3bf-504c15c80a40",
    "data": [
      {
        "text": "Thanks",
        "userDefined": false
      }
    ],
    "isTemplate": false,
    "count": 0,
    "updated": 0
  },
  {
    "id": "3e8e29d8-0e96-4cf7-a4ae-eee7d2ecf085",
    "data": [
      {
        "text": "ok, thank you",
        "userDefined": false
      }
    ],
    "isTemplate": false,
    "count": 0,
    "updated": 0
  },
  {
    "id": "3c75fc1f-e504-4954-a37e-8259ce95ea1e",
    "data": [
      {
        "text": "thank you",
        "userDefined": false
      }
    ],
    "isTemplate": false,
    "count": 0,
    "updated": 0
  },
  {
    "id": "c6e48988-b58c-4ea5-8043-61b4907f414e",
    "data": [
      {
        "text": "see you",
        "userDefined": false
      }
    ],
    "isTemplate": false,
    "count": 0,
    "updated": 0
  },
  {
    "id": "80489be9-b7b6-44ed-958f-1910cf0d8618",
    "data": [
      {
        "text": "ok goodbye",
        "userDefined": false
      }
    ],
    "isTemplate": false,
    "count": 0,
    "updated": 0
  },
  {
    "id": "0b944ba1-035e-4cb8-bf8c-1b6165b0daf7",
    "data": [
      {
        "text": "Ok, bye",
        "userDefined": false
      }
    ],
    "isTemplate": false,
    "count": 0,
    "updated": 0
  }
]