[
  {
    "id": "7c52fe95-bd41-4c20-a2ff-5bb8b71b00f4",
    "data": [
      {
        "text": "nada",
        "userDefined": false
      }
    ],
    "isTemplate": false,
    "count": 0,
    "updated": 0
  },
  {
    "id": "c2c82161-555a-45eb-99f2-3e6e3c92a994",
    "data": [
      {
        "text": "mais nada",
        "userDefined": false
      }
    ],
    "isTemplate": false,
    "count": 0,
    "updated": 0
  },
  {
    "id": "368e84b1-1916-4102-a475-e2e638555ca9",
    "data": [
      {
        "text": "não quero saber mais nada",
        "userDefined": false
      }
    ],
    "isTemplate": false,
    "count": 0,
    "updated": 0
  },
  {
    "id": "028f9013-88c6-4a17-bb95-f126a123a836",
    "data": [
      {
        "text": "sair",
        "userDefined": false
      }
    ],
    "isTemplate": false,
    "count": 0,
    "updated": 0
  },
  {
    "id": "5ca4e56c-c95d-4c2f-80f8-81ca13542090",
    "data": [
      {
        "text": "obrigado",
        "userDefined": false
      }
    ],
    "isTemplate": false,
    "count": 0,
    "updated": 0
  },
  {
    "id": "1e41f63b-b9cd-499b-bdbd-6f2bb657b19e",
    "data": [
      {
        "text": "ok, obrigado",
        "userDefined": false
      }
    ],
    "isTemplate": false,
    "count": 0,
    "updated": 0
  },
  {
    "id": "57365ae5-7df2-4dd1-a7c9-2731ade3a7d0",
    "data": [
      {
        "text": "obrigada",
        "userDefined": false
      }
    ],
    "isTemplate": false,
    "count": 0,
    "updated": 0
  },
  {
    "id": "f2c104a5-7336-4d40-aad3-4e08da3fe2f7",
    "data": [
      {
        "text": "ok obrigada",
        "userDefined": false
      }
    ],
    "isTemplate": false,
    "count": 0,
    "updated": 0
  },
  {
    "id": "a402bd6e-8053-4c6d-a8cd-5029ae3f635a",
    "data": [
      {
        "text": "adeus",
        "userDefined": false
      }
    ],
    "isTemplate": false,
    "count": 0,
    "updated": 0
  }
]