[
  {
    "id": "f4f07447-8fbf-44f1-b504-2d70bb4f7feb",
    "data": [
      {
        "text": "Número de mortes",
        "userDefined": false
      }
    ],
    "isTemplate": false,
    "count": 0,
    "updated": 0
  },
  {
    "id": "4a267f09-453c-4724-aa6d-31c4e91cc29e",
    "data": [
      {
        "text": "Quantas mortes existem em ",
        "userDefined": false
      },
      {
        "text": "Portugal",
        "meta": "@sys.ignore",
        "userDefined": false
      }
    ],
    "isTemplate": false,
    "count": 0,
    "updated": 0
  },
  {
    "id": "5faa22df-f6a0-411a-b6a1-916841d03f31",
    "data": [
      {
        "text": "Mortes",
        "userDefined": false
      }
    ],
    "isTemplate": false,
    "count": 0,
    "updated": 0
  },
  {
    "id": "84efbb4a-a062-40d3-9862-accb6db1b331",
    "data": [
      {
        "text": "Quantas mortes existem",
        "userDefined": false
      }
    ],
    "isTemplate": false,
    "count": 0,
    "updated": 0
  }
]