[
  {
    "id": "08f5147e-0aaf-4b14-8c0a-8944d27d3d5d",
    "data": [
      {
        "text": "How many Deaths exist",
        "userDefined": false
      }
    ],
    "isTemplate": false,
    "count": 0,
    "updated": 0
  },
  {
    "id": "2e9b902f-1d51-44ca-ae87-bd5f038ec823",
    "data": [
      {
        "text": "Deaths",
        "userDefined": false
      }
    ],
    "isTemplate": false,
    "count": 0,
    "updated": 0
  },
  {
    "id": "29b86e15-e09b-4304-834d-26e3d70c0beb",
    "data": [
      {
        "text": "How many deaths in ",
        "userDefined": false
      },
      {
        "text": "Portugual",
        "meta": "@sys.ignore",
        "userDefined": false
      }
    ],
    "isTemplate": false,
    "count": 0,
    "updated": 0
  },
  {
    "id": "abced086-345c-48f0-b086-68dc6c1b5a5e",
    "data": [
      {
        "text": "How many deaths are",
        "userDefined": false
      }
    ],
    "isTemplate": false,
    "count": 0,
    "updated": 0
  }
]