[
  {
    "id": "00a5473d-5fe5-4695-a293-ca31b145ef75",
    "data": [
      {
        "text": "Praceta Professor Joaquim Filipe, Leiria, Portugal",
        "alias": "location",
        "meta": "@sys.location",
        "userDefined": false
      }
    ],
    "isTemplate": false,
    "count": 0,
    "updated": 0
  },
  {
    "id": "ccee2bc3-4780-43d9-a1e9-4f96952d208a",
    "data": [
      {
        "text": "60 GopalBagh, Coimbatore, Tamilnadu",
        "alias": "location",
        "meta": "@sys.location",
        "userDefined": false
      }
    ],
    "isTemplate": false,
    "count": 0,
    "updated": 0
  }
]