[
  {
    "id": "3fe1270c-64c5-4d47-a2f7-79566d017799",
    "data": [
      {
        "text": "60 GopalBagh, Coimbatore, Tamilnadu",
        "alias": "location",
        "meta": "@sys.location",
        "userDefined": false
      }
    ],
    "isTemplate": false,
    "count": 1,
    "updated": 0
  },
  {
    "id": "4137c0c4-bcb5-458e-a6d3-70a9eedb07fa",
    "data": [
      {
        "text": "Praceta Professor Joaquim Filipe, Leiria, Portugal",
        "alias": "location",
        "meta": "@sys.location",
        "userDefined": false
      }
    ],
    "isTemplate": false,
    "count": 0,
    "updated": 0
  }
]