[
  {
    "id": "500553a6-8315-47de-b587-faf75c6df2c6",
    "data": [
      {
        "text": "hospitalized",
        "userDefined": false
      }
    ],
    "isTemplate": false,
    "count": 0,
    "updated": 0
  },
  {
    "id": "4dc9e140-fba8-428c-9203-6a68635fd19a",
    "data": [
      {
        "text": "ICU",
        "userDefined": false
      }
    ],
    "isTemplate": false,
    "count": 0,
    "updated": 0
  },
  {
    "id": "418b6d3c-bb26-4797-b738-013916b3dc12",
    "data": [
      {
        "text": "hospitalized persons",
        "userDefined": false
      }
    ],
    "isTemplate": false,
    "count": 0,
    "updated": 0
  },
  {
    "id": "1ad386a5-84d0-44e8-b496-35a6d414f7ec",
    "data": [
      {
        "text": "cases hospitalized",
        "userDefined": false
      }
    ],
    "isTemplate": false,
    "count": 0,
    "updated": 0
  },
  {
    "id": "30738f9c-26c2-4335-8ac3-d50fdd626ebc",
    "data": [
      {
        "text": "cases in ICU beds",
        "userDefined": false
      }
    ],
    "isTemplate": false,
    "count": 0,
    "updated": 0
  },
  {
    "id": "907f778c-1ab4-47f3-9f23-fbc22405672b",
    "data": [
      {
        "text": "how many cases are hospitalized",
        "userDefined": false
      }
    ],
    "isTemplate": false,
    "count": 0,
    "updated": 0
  }
]