[
  {
    "id": "f7e2c84b-ef33-4c05-8c0d-01734bd0d4aa",
    "data": [
      {
        "text": "pacientes hospitalizados",
        "userDefined": false
      }
    ],
    "isTemplate": false,
    "count": 0,
    "updated": 0
  },
  {
    "id": "06c709fd-52fd-4804-9fea-2e31c2f081e6",
    "data": [
      {
        "text": "pacientes internados",
        "userDefined": false
      }
    ],
    "isTemplate": false,
    "count": 0,
    "updated": 0
  },
  {
    "id": "e6cf4aa9-382d-400a-882b-9b369009577a",
    "data": [
      {
        "text": "internados",
        "userDefined": false
      }
    ],
    "isTemplate": false,
    "count": 0,
    "updated": 0
  },
  {
    "id": "ad390c2e-8752-4abe-bf84-503d9ca7d007",
    "data": [
      {
        "text": "casos internados",
        "userDefined": false
      }
    ],
    "isTemplate": false,
    "count": 0,
    "updated": 0
  },
  {
    "id": "32094489-10fa-4672-abd9-02773112292f",
    "data": [
      {
        "text": "pessoas internadas",
        "userDefined": false
      }
    ],
    "isTemplate": false,
    "count": 0,
    "updated": 0
  },
  {
    "id": "42acade0-800d-489e-9068-99a96689cb57",
    "data": [
      {
        "text": "pessoas internados",
        "userDefined": false
      }
    ],
    "isTemplate": false,
    "count": 0,
    "updated": 0
  },
  {
    "id": "c690884f-71d1-4885-a411-f186fb7ec899",
    "data": [
      {
        "text": "Hospital",
        "meta": "@sys.ignore",
        "userDefined": false
      }
    ],
    "isTemplate": false,
    "count": 0,
    "updated": 0
  },
  {
    "id": "21e49249-cedf-42c9-aa71-50c91ed099bd",
    "data": [
      {
        "text": "UCI",
        "meta": "@sys.ignore",
        "userDefined": false
      }
    ],
    "isTemplate": false,
    "count": 0,
    "updated": 0
  },
  {
    "id": "939aa00c-205e-4fb6-ba91-8f4e53aa83b8",
    "data": [
      {
        "text": "pessoas na UCI",
        "userDefined": false
      }
    ],
    "isTemplate": false,
    "count": 0,
    "updated": 0
  },
  {
    "id": "37b045b1-161b-465d-8307-cc2b0c0bcc9d",
    "data": [
      {
        "text": "casos na ",
        "userDefined": false
      },
      {
        "text": "UCI",
        "meta": "@sys.ignore",
        "userDefined": false
      }
    ],
    "isTemplate": false,
    "count": 0,
    "updated": 0
  },
  {
    "id": "00a81eac-211b-41ce-96db-46b2f9bed079",
    "data": [
      {
        "text": "pessoas em cuidados intensivos",
        "userDefined": false
      }
    ],
    "isTemplate": false,
    "count": 0,
    "updated": 0
  },
  {
    "id": "ffc6a4fd-19fd-4df3-a0d9-6ba0a2621b7d",
    "data": [
      {
        "text": "pessoas no ",
        "userDefined": false
      },
      {
        "text": "hospital",
        "meta": "@sys.ignore",
        "userDefined": false
      }
    ],
    "isTemplate": false,
    "count": 0,
    "updated": 0
  },
  {
    "id": "73d4f3eb-57f5-4178-919a-192013c40165",
    "data": [
      {
        "text": "pessoas hospitalizadas",
        "userDefined": false
      }
    ],
    "isTemplate": false,
    "count": 0,
    "updated": 0
  },
  {
    "id": "84f54769-f4a7-415a-ada6-1bbf1bfb1279",
    "data": [
      {
        "text": "casos hospitalizados",
        "userDefined": false
      }
    ],
    "isTemplate": false,
    "count": 0,
    "updated": 0
  }
]