[
  {
    "id": "9b38caf1-a2fe-445a-8438-76a384cdddf2",
    "data": [
      {
        "text": "aguarda resultado",
        "userDefined": false
      }
    ],
    "isTemplate": false,
    "count": 1,
    "updated": 0
  },
  {
    "id": "18cc4d95-d9f4-4bbc-9b5a-5b5b6b0a150d",
    "data": [
      {
        "text": "casos a aguardar resultado",
        "userDefined": false
      }
    ],
    "isTemplate": false,
    "count": 0,
    "updated": 0
  },
  {
    "id": "59b22b92-f749-4f85-9d40-03828680c237",
    "data": [
      {
        "text": "laboratório",
        "meta": "@sys.ignore",
        "userDefined": false
      }
    ],
    "isTemplate": false,
    "count": 0,
    "updated": 0
  },
  {
    "id": "5311695a-5e02-4bf4-8bc3-de31a357d7d3",
    "data": [
      {
        "text": "Casos em ",
        "userDefined": false
      },
      {
        "text": "laboratório",
        "meta": "@sys.ignore",
        "userDefined": false
      }
    ],
    "isTemplate": false,
    "count": 0,
    "updated": 0
  },
  {
    "id": "f1464c47-1977-4f7d-81df-ca490003bba0",
    "data": [
      {
        "text": "Casos a aguardar",
        "userDefined": false
      }
    ],
    "isTemplate": false,
    "count": 0,
    "updated": 0
  }
]