[
  {
    "id": "a25214b6-82f8-4244-b713-7698b9137d8a",
    "data": [
      {
        "text": "how many cases wait for results",
        "userDefined": false
      }
    ],
    "isTemplate": false,
    "count": 0,
    "updated": 0
  },
  {
    "id": "b9869b77-1e19-41f1-a3de-ca03b880cd61",
    "data": [
      {
        "text": "how many cases are in lab",
        "userDefined": false
      }
    ],
    "isTemplate": false,
    "count": 0,
    "updated": 0
  },
  {
    "id": "41483535-a9fd-4086-a43b-44b3475eec77",
    "data": [
      {
        "text": "lab",
        "meta": "@sys.ignore",
        "userDefined": false
      }
    ],
    "isTemplate": false,
    "count": 0,
    "updated": 0
  },
  {
    "id": "13f27a2b-20b0-4475-ac26-c53933d6f0aa",
    "data": [
      {
        "text": "waiting for result",
        "userDefined": false
      }
    ],
    "isTemplate": false,
    "count": 0,
    "updated": 0
  },
  {
    "id": "8c27fe13-eadb-4635-8cad-399792ec93a5",
    "data": [
      {
        "text": "waiting for lab",
        "userDefined": false
      }
    ],
    "isTemplate": false,
    "count": 0,
    "updated": 0
  },
  {
    "id": "9f2731a8-1a5f-487d-8557-d0fba008c34d",
    "data": [
      {
        "text": "Samples waiting for result",
        "userDefined": false
      }
    ],
    "isTemplate": false,
    "count": 0,
    "updated": 0
  }
]