[
  {
    "id": "079c713f-d6dd-461d-a613-a92b34d043fe",
    "data": [
      {
        "text": "cases in ",
        "userDefined": false
      },
      {
        "text": "Alfândega Da Fé",
        "alias": "local",
        "meta": "@sys.geo-city",
        "userDefined": false
      }
    ],
    "isTemplate": false,
    "count": 0,
    "updated": 0
  },
  {
    "id": "16b71e5c-ce4c-4998-a252-9023bf19e03a",
    "data": [
      {
        "text": "What are the cases in ",
        "userDefined": false
      },
      {
        "text": "Abrantes",
        "alias": "local",
        "meta": "@sys.geo-city",
        "userDefined": false
      }
    ],
    "isTemplate": false,
    "count": 0,
    "updated": 0
  },
  {
    "id": "459f7eea-f764-41c2-975b-489693184160",
    "data": [
      {
        "text": "cases in ",
        "userDefined": false
      },
      {
        "text": "Santarém",
        "alias": "local",
        "meta": "@sys.geo-city",
        "userDefined": false
      }
    ],
    "isTemplate": false,
    "count": 0,
    "updated": 0
  },
  {
    "id": "50e8e90d-0323-4156-b9e8-887c973483ee",
    "data": [
      {
        "text": "Total cases in ",
        "userDefined": false
      },
      {
        "text": "Leiria",
        "alias": "local",
        "meta": "@sys.geo-city",
        "userDefined": false
      }
    ],
    "isTemplate": false,
    "count": 0,
    "updated": 0
  },
  {
    "id": "36b5d5f8-9cb5-4bdf-885f-bcd815c4dc9d",
    "data": [
      {
        "text": "Tell me the cases in ",
        "userDefined": false
      },
      {
        "text": "Lisbon",
        "alias": "local",
        "meta": "@sys.geo-city",
        "userDefined": false
      }
    ],
    "isTemplate": false,
    "count": 0,
    "updated": 0
  }
]