[
  {
    "id": "bca84c63-e600-4ae5-95ab-7545706c7783",
    "data": [
      {
        "text": "Albufeira",
        "alias": "local",
        "meta": "@sys.geo-city",
        "userDefined": false
      }
    ],
    "isTemplate": false,
    "count": 1,
    "updated": 0
  },
  {
    "id": "15beab9a-3ea3-44a9-ad46-b435165f1af4",
    "data": [
      {
        "text": "Total de casos em ",
        "userDefined": false
      },
      {
        "text": "Abrantes",
        "alias": "local",
        "meta": "@sys.geo-city",
        "userDefined": false
      }
    ],
    "isTemplate": false,
    "count": 0,
    "updated": 0
  },
  {
    "id": "7adff391-f0f5-4e4b-b757-7814169fb6a4",
    "data": [
      {
        "text": "Casos no ",
        "userDefined": false
      },
      {
        "text": "Porto",
        "alias": "local",
        "meta": "@sys.geo-city",
        "userDefined": false
      }
    ],
    "isTemplate": false,
    "count": 0,
    "updated": 0
  },
  {
    "id": "7634b67c-e515-4be5-8bc2-36bf28acc76a",
    "data": [
      {
        "text": "Quantos casos existem em ",
        "userDefined": false
      },
      {
        "text": "Leiria",
        "alias": "local",
        "meta": "@sys.geo-city",
        "userDefined": false
      }
    ],
    "isTemplate": false,
    "count": 0,
    "updated": 0
  },
  {
    "id": "d69496f2-fc27-4962-8271-27ba0afb80e8",
    "data": [
      {
        "text": "casos em ",
        "userDefined": false
      },
      {
        "text": "santarém",
        "alias": "local",
        "meta": "@sys.geo-city",
        "userDefined": true
      }
    ],
    "isTemplate": false,
    "count": 0,
    "updated": 0
  }
]