[
  {
    "id": "fed79e19-8cd9-4403-8d27-7c9979c257b1",
    "data": [
      {
        "text": "quantos casos existem atualmente",
        "userDefined": false
      }
    ],
    "isTemplate": false,
    "count": 0,
    "updated": 0
  },
  {
    "id": "e0094e84-e4c0-4452-a425-d8d7688b9ccf",
    "data": [
      {
        "text": "quantos casos existem ",
        "userDefined": false
      },
      {
        "text": "hoje",
        "alias": "date-time",
        "meta": "@sys.date-time",
        "userDefined": false
      },
      {
        "text": " em ",
        "userDefined": false
      },
      {
        "text": "Portugal",
        "alias": "geo-country",
        "meta": "@sys.geo-country",
        "userDefined": false
      }
    ],
    "isTemplate": false,
    "count": 0,
    "updated": 0
  },
  {
    "id": "84820735-8ace-4e79-a67e-d62fc51a26a5",
    "data": [
      {
        "text": "quantos casos existem ",
        "userDefined": false
      },
      {
        "text": "hoje",
        "alias": "date-time",
        "meta": "@sys.date-time",
        "userDefined": false
      }
    ],
    "isTemplate": false,
    "count": 0,
    "updated": 0
  },
  {
    "id": "78d1b23c-2a86-4040-ad01-2f3809f1f00c",
    "data": [
      {
        "text": "casos novos",
        "meta": "@sys.ignore",
        "userDefined": false
      },
      {
        "text": " em ",
        "userDefined": false
      },
      {
        "text": "Portugal",
        "alias": "geo-country",
        "meta": "@sys.geo-country",
        "userDefined": true
      }
    ],
    "isTemplate": false,
    "count": 0,
    "updated": 0
  },
  {
    "id": "92c7c93e-a844-4748-89ac-68641ea3f42c",
    "data": [
      {
        "text": "novos casos ",
        "userDefined": false
      },
      {
        "text": "hoje",
        "alias": "date-time",
        "meta": "@sys.date-time",
        "userDefined": false
      }
    ],
    "isTemplate": false,
    "count": 0,
    "updated": 0
  },
  {
    "id": "5092b405-a6cf-4b4a-96a3-54b170bbcba0",
    "data": [
      {
        "text": "casos ",
        "userDefined": false
      },
      {
        "text": "hoje",
        "alias": "date-time",
        "meta": "@sys.date-time",
        "userDefined": false
      }
    ],
    "isTemplate": false,
    "count": 0,
    "updated": 0
  },
  {
    "id": "a13d355a-4993-426a-9447-f76c4a25da3f",
    "data": [
      {
        "text": "numero de casos novos",
        "userDefined": false
      }
    ],
    "isTemplate": false,
    "count": 0,
    "updated": 0
  },
  {
    "id": "c1c42695-0bfe-451a-8ffd-eafc2d73b857",
    "data": [
      {
        "text": "casos novos",
        "meta": "@sys.ignore",
        "userDefined": false
      }
    ],
    "isTemplate": false,
    "count": 0,
    "updated": 0
  },
  {
    "id": "f1b8efdf-de0e-4eea-94de-5d74a1f7f08d",
    "data": [
      {
        "text": "total de casos",
        "userDefined": false
      }
    ],
    "isTemplate": false,
    "count": 0,
    "updated": 0
  },
  {
    "id": "8ba7adb2-362c-49d8-9c6e-9ba80fa7747e",
    "data": [
      {
        "text": "casos",
        "meta": "@sys.ignore",
        "userDefined": false
      }
    ],
    "isTemplate": false,
    "count": 0,
    "updated": 0
  },
  {
    "id": "4a9d3b1f-904c-4b7a-b311-eab2345fb6eb",
    "data": [
      {
        "text": "total",
        "meta": "@sys.ignore",
        "userDefined": false
      }
    ],
    "isTemplate": false,
    "count": 0,
    "updated": 0
  }
]