[
  {
    "id": "8c2bb76b-25b4-4fa2-b9b9-56cd33376d73",
    "data": [
      {
        "text": "total cases",
        "userDefined": false
      }
    ],
    "isTemplate": false,
    "count": 0,
    "updated": 0
  },
  {
    "id": "68359eeb-0858-487c-ad9a-b87bb098d69e",
    "data": [
      {
        "text": "Covid 19 cases ",
        "userDefined": false
      },
      {
        "text": "today",
        "alias": "date-time",
        "meta": "@sys.date-time",
        "userDefined": false
      }
    ],
    "isTemplate": false,
    "count": 0,
    "updated": 0
  },
  {
    "id": "df6be444-372e-4e4f-bcc2-1e5be83319d6",
    "data": [
      {
        "text": "new cases",
        "userDefined": false
      }
    ],
    "isTemplate": false,
    "count": 0,
    "updated": 0
  },
  {
    "id": "4af4664d-caf4-496d-a1b7-5ef10149f4b4",
    "data": [
      {
        "text": "cases ",
        "userDefined": false
      },
      {
        "text": "today",
        "alias": "date-time",
        "meta": "@sys.date-time",
        "userDefined": false
      }
    ],
    "isTemplate": false,
    "count": 0,
    "updated": 0
  },
  {
    "id": "6fc42d4a-abe8-4e08-90d3-f4585019c40d",
    "data": [
      {
        "text": "New cases ",
        "userDefined": false
      },
      {
        "text": "today",
        "alias": "date-time",
        "meta": "@sys.date-time",
        "userDefined": false
      }
    ],
    "isTemplate": false,
    "count": 0,
    "updated": 0
  },
  {
    "id": "22376b49-a71b-4cba-a7a3-683a35a75bd2",
    "data": [
      {
        "text": "How many cases are ",
        "userDefined": false
      },
      {
        "text": "today",
        "alias": "date-time",
        "meta": "@sys.date-time",
        "userDefined": false
      },
      {
        "text": " in ",
        "userDefined": false
      },
      {
        "text": "Portugal",
        "alias": "geo-country",
        "meta": "@sys.geo-country",
        "userDefined": false
      }
    ],
    "isTemplate": false,
    "count": 0,
    "updated": 0
  }
]