[
  {
    "id": "f779b99b-62f3-4d98-a744-abf3b1a155a6",
    "data": [
      {
        "text": "quantos casos existem no ",
        "userDefined": false
      },
      {
        "text": "norte de portugal",
        "meta": "@sys.ignore",
        "userDefined": false
      }
    ],
    "isTemplate": false,
    "count": 1,
    "updated": 0
  },
  {
    "id": "1c1e697c-f18c-4d88-8c38-908f1000d0cf",
    "data": [
      {
        "text": "casos no ",
        "userDefined": false
      },
      {
        "text": "norte",
        "meta": "@sys.ignore",
        "userDefined": false
      }
    ],
    "isTemplate": false,
    "count": 0,
    "updated": 0
  },
  {
    "id": "57d362db-a419-48c2-b453-b2260f6fb787",
    "data": [
      {
        "text": "norte de portugal",
        "meta": "@sys.ignore",
        "userDefined": false
      }
    ],
    "isTemplate": false,
    "count": 0,
    "updated": 0
  },
  {
    "id": "87804fd4-249c-47bb-816b-50213460fe79",
    "data": [
      {
        "text": "Casos no ",
        "userDefined": false
      },
      {
        "text": "norte de portugal",
        "meta": "@sys.ignore",
        "userDefined": false
      }
    ],
    "isTemplate": false,
    "count": 0,
    "updated": 0
  }
]