[
  {
    "id": "f71bd6af-f38a-47a5-9e63-f9274efc94b7",
    "data": [
      {
        "text": "how many cases exist in the north",
        "userDefined": false
      }
    ],
    "isTemplate": false,
    "count": 0,
    "updated": 0
  },
  {
    "id": "50328707-cbd9-4bf7-849e-d305c8f5c9f3",
    "data": [
      {
        "text": "cases in North",
        "userDefined": false
      }
    ],
    "isTemplate": false,
    "count": 0,
    "updated": 0
  },
  {
    "id": "1663a485-6f4a-41c7-b22b-2b90b324ad26",
    "data": [
      {
        "text": "North region cases",
        "userDefined": false
      }
    ],
    "isTemplate": false,
    "count": 0,
    "updated": 0
  },
  {
    "id": "579e9513-1cec-4ff0-ac09-f8ef487d406a",
    "data": [
      {
        "text": "Cases in the north of ",
        "userDefined": false
      },
      {
        "text": "portugal",
        "meta": "@sys.ignore",
        "userDefined": false
      }
    ],
    "isTemplate": false,
    "count": 0,
    "updated": 0
  }
]