[
  {
    "id": "3f3f6523-eb21-4773-bbdc-c45d5e1a8cfa",
    "data": [
      {
        "text": "recovered cases",
        "userDefined": false
      }
    ],
    "isTemplate": false,
    "count": 0,
    "updated": 0
  },
  {
    "id": "01fd78ec-1f26-4150-ad0e-db66d4e38717",
    "data": [
      {
        "text": "recovered patients",
        "userDefined": false
      }
    ],
    "isTemplate": false,
    "count": 0,
    "updated": 0
  },
  {
    "id": "f810ee01-7ed0-4163-8ec5-b24aa7236b62",
    "data": [
      {
        "text": "recovered",
        "userDefined": false
      }
    ],
    "isTemplate": false,
    "count": 0,
    "updated": 0
  },
  {
    "id": "f6bc12d9-df7d-4919-a647-6ff2bf114b90",
    "data": [
      {
        "text": "recovered people",
        "userDefined": false
      }
    ],
    "isTemplate": false,
    "count": 0,
    "updated": 0
  },
  {
    "id": "182c1a57-60a3-45ef-a4cb-e4ecefd5e0d3",
    "data": [
      {
        "text": "how many recovered",
        "userDefined": false
      }
    ],
    "isTemplate": false,
    "count": 0,
    "updated": 0
  },
  {
    "id": "7349aa26-98ac-4022-8d40-dfac787b0e82",
    "data": [
      {
        "text": "recovered persons",
        "userDefined": false
      }
    ],
    "isTemplate": false,
    "count": 0,
    "updated": 0
  },
  {
    "id": "f5b43d66-ad05-44bb-8231-dd4ff17a8fa2",
    "data": [
      {
        "text": "How many recovered persons are",
        "userDefined": false
      }
    ],
    "isTemplate": false,
    "count": 0,
    "updated": 0
  }
]