[
  {
    "id": "b3b34638-4e57-4fc7-9710-d65bb7be6096",
    "data": [
      {
        "text": "recuperados",
        "userDefined": false
      }
    ],
    "isTemplate": false,
    "count": 0,
    "updated": 0
  },
  {
    "id": "ec6b5f5b-8eb8-4bb8-89ef-1158d5bbeb9e",
    "data": [
      {
        "text": "casos recuperados",
        "userDefined": false
      }
    ],
    "isTemplate": false,
    "count": 0,
    "updated": 0
  },
  {
    "id": "06b81f00-6ed8-4eab-b97a-6e470fb553bf",
    "data": [
      {
        "text": "quantas são as pessoas recuperadas",
        "userDefined": false
      }
    ],
    "isTemplate": false,
    "count": 0,
    "updated": 0
  },
  {
    "id": "61c93796-8ac2-4ff4-8f99-5d59cd76cf16",
    "data": [
      {
        "text": "quantas pessoas recuperadas existem",
        "userDefined": false
      }
    ],
    "isTemplate": false,
    "count": 0,
    "updated": 0
  },
  {
    "id": "854fc23e-20d2-4465-8107-0f66dbd20ef3",
    "data": [
      {
        "text": "recuperações",
        "userDefined": false
      }
    ],
    "isTemplate": false,
    "count": 0,
    "updated": 0
  },
  {
    "id": "df8056a8-4304-45f7-baa3-717e569b03a8",
    "data": [
      {
        "text": "quantos casos de recuperação existem",
        "userDefined": false
      }
    ],
    "isTemplate": false,
    "count": 0,
    "updated": 0
  },
  {
    "id": "e8fea908-9c14-4e18-96d4-98a23bda4611",
    "data": [
      {
        "text": "pessoas recuperadas",
        "userDefined": false
      }
    ],
    "isTemplate": false,
    "count": 0,
    "updated": 0
  },
  {
    "id": "b7576379-f63a-4572-8710-78b234699cf7",
    "data": [
      {
        "text": "número de pessoas recuperadas",
        "userDefined": false
      }
    ],
    "isTemplate": false,
    "count": 0,
    "updated": 0
  }
]