[
  {
    "id": "7880288a-5360-4c8f-83e5-7be8e652749a",
    "data": [
      {
        "text": "casos suspeitos",
        "userDefined": false
      }
    ],
    "isTemplate": false,
    "count": 0,
    "updated": 0
  },
  {
    "id": "36a1cbe3-1f92-4137-90a7-6755eb30c60d",
    "data": [
      {
        "text": "quantos casos suspeitos existem",
        "userDefined": false
      }
    ],
    "isTemplate": false,
    "count": 0,
    "updated": 0
  },
  {
    "id": "ac63e2f7-a434-4006-bd2b-b335b13fcf3b",
    "data": [
      {
        "text": "número de suspeitos",
        "userDefined": false
      }
    ],
    "isTemplate": false,
    "count": 0,
    "updated": 0
  },
  {
    "id": "a4b52a69-2bbd-4d39-ad87-2caee16c74cf",
    "data": [
      {
        "text": "suspeitos",
        "userDefined": false
      }
    ],
    "isTemplate": false,
    "count": 0,
    "updated": 0
  }
]