[
  {
    "id": "a304e5fb-2014-4cc8-bcaa-13646f30a6f9",
    "data": [
      {
        "text": "number suspect cases",
        "userDefined": false
      }
    ],
    "isTemplate": false,
    "count": 0,
    "updated": 0
  },
  {
    "id": "360faebe-4565-4a8d-8262-2e77a141dece",
    "data": [
      {
        "text": "number of suspects",
        "userDefined": false
      }
    ],
    "isTemplate": false,
    "count": 0,
    "updated": 0
  },
  {
    "id": "b94734d4-37ac-4543-b76d-494a17160b3f",
    "data": [
      {
        "text": "Suspects",
        "userDefined": false
      }
    ],
    "isTemplate": false,
    "count": 0,
    "updated": 0
  },
  {
    "id": "3552c130-187b-449f-9bd7-f38f079381ba",
    "data": [
      {
        "text": "Suspect cases",
        "userDefined": false
      }
    ],
    "isTemplate": false,
    "count": 0,
    "updated": 0
  }
]