[
  {
    "id": "0f2c3adb-7fa8-48bb-815b-a412a93052a5",
    "data": [
      {
        "text": "Quantas pessoas foram testadas",
        "userDefined": false
      }
    ],
    "isTemplate": false,
    "count": 0,
    "updated": 0
  },
  {
    "id": "3fdbcca2-e6d2-4820-9247-a835c9817f0d",
    "data": [
      {
        "text": "Quantas pessoas foram examinadas",
        "userDefined": false
      }
    ],
    "isTemplate": false,
    "count": 0,
    "updated": 0
  },
  {
    "id": "99b29d53-d9d7-4bdc-9f99-b5b1f601dceb",
    "data": [
      {
        "text": "Exames",
        "userDefined": false
      }
    ],
    "isTemplate": false,
    "count": 0,
    "updated": 0
  },
  {
    "id": "cbcba4a7-5202-4522-b2f5-f7ebd50a096f",
    "data": [
      {
        "text": "Quantos exames foram feitos",
        "userDefined": false
      }
    ],
    "isTemplate": false,
    "count": 0,
    "updated": 0
  },
  {
    "id": "c23daa9a-5f6e-48d1-9cf9-a742ed3627e1",
    "data": [
      {
        "text": "Testes ",
        "userDefined": false
      },
      {
        "text": "hoje",
        "meta": "@sys.ignore",
        "userDefined": false
      }
    ],
    "isTemplate": false,
    "count": 0,
    "updated": 0
  },
  {
    "id": "19dc5a65-154c-4294-9e07-4ffdca4f69dc",
    "data": [
      {
        "text": "Testes ",
        "userDefined": false
      },
      {
        "text": "ontem",
        "meta": "@sys.ignore",
        "userDefined": false
      }
    ],
    "isTemplate": false,
    "count": 0,
    "updated": 0
  },
  {
    "id": "0d2f1871-cdde-4fa1-929f-645cfbf018b3",
    "data": [
      {
        "text": "Testes",
        "userDefined": false
      }
    ],
    "isTemplate": false,
    "count": 0,
    "updated": 0
  },
  {
    "id": "66d41d44-02bd-43e2-b73b-559a31399cca",
    "data": [
      {
        "text": "Quantos testes foram feitos",
        "userDefined": false
      }
    ],
    "isTemplate": false,
    "count": 0,
    "updated": 0
  }
]