[
  {
    "id": "c10cc390-298e-4b70-9faf-9325c9f4aeb0",
    "data": [
      {
        "text": "How many exams were made",
        "userDefined": false
      }
    ],
    "isTemplate": false,
    "count": 0,
    "updated": 0
  },
  {
    "id": "20bc3963-d892-4d50-9dd1-a33d376192c9",
    "data": [
      {
        "text": "How many examinations",
        "userDefined": false
      }
    ],
    "isTemplate": false,
    "count": 0,
    "updated": 0
  },
  {
    "id": "4bf8de12-7c01-4db9-b2a8-c912602956fb",
    "data": [
      {
        "text": "How many tests",
        "userDefined": false
      }
    ],
    "isTemplate": false,
    "count": 0,
    "updated": 0
  },
  {
    "id": "8ddf4e28-ae70-4e43-8582-58350e9d8ef7",
    "data": [
      {
        "text": "How many tests were made",
        "userDefined": false
      }
    ],
    "isTemplate": false,
    "count": 0,
    "updated": 0
  },
  {
    "id": "d8be7fb6-7e23-4bc2-8f3d-87cdf92e65c0",
    "data": [
      {
        "text": "Exams",
        "userDefined": false
      }
    ],
    "isTemplate": false,
    "count": 0,
    "updated": 0
  },
  {
    "id": "77deb026-7864-466c-88c0-ca11d75a1474",
    "data": [
      {
        "text": "Tests",
        "userDefined": false
      }
    ],
    "isTemplate": false,
    "count": 0,
    "updated": 0
  }
]